method,metric,margin,bias,ci90_lo,ci90_hi,boot_lo,boot_hi,verdict,n_equiv,bt_n,bt_mae,bt_median_ae,bt_rmse,bt_loa_mean,bt_loa_lo,bt_loa_hi,bt_loa_lo_ci95_lo,bt_loa_lo_ci95_hi,bt_loa_hi_ci95_lo,bt_loa_hi_ci95_hi,bt_q25_diff,bt_q50_diff,bt_q75_diff,bt_q95_diff,bt_q05_diff
B1_mean_only,mean_glucose_mgdl,10.0,0.13767769427541046,0.06032566778039636,0.21502972077042457,-0.05685830283216037,0.3537161970479236,Robustly equivalent,1,719,0.6389581689198939,0.34351374029046156,1.2659875240236438,0.13767769427541046,-2.3306581479259947,2.6060135364768158,-2.490365591234897,-2.170950704617092,2.4463060931679133,2.7657209797857183,-0.26331075637836676,0.0844327689474369,0.42454584253480476,1.7217127108064958,-0.9988279135176612
B1_mean_only,gmi_percent,0.5,0.003293250447067875,0.0014429899733071354,0.005143510920828615,-0.0013600506037452784,0.008460891433386252,Robustly equivalent,1,719,0.015283879400563886,0.008216848667746746,0.030282421574645595,0.003293250447067875,-0.05574934289838981,0.062335843792525554,-0.059569544942338765,-0.05192914085444085,0.0585156417485766,0.06615604583647451,-0.0062983932925702035,0.002019631833222846,0.010155136553432698,0.04118336804249102,-0.023891963691342256
B1_mean_only,tbr_percent,3.0,2.757293728167913,2.319318051619998,3.1952694047158277,1.5626575144680883,3.6197920300963697,Not equivalent,0,719,4.755404468482414,3.150120148357102,7.640517101751505,2.757293728167913,-11.21869512980092,16.733282586136745,-12.122976228854776,-10.314414030747065,15.82900148708289,17.637563685190603,0.5888129099559976,2.6514903798047373,5.723867376390047,11.155185211978441,-3.65082928802589
B1_mean_only,tar_percent,5.0,2.8593801987538505,2.296182371593434,3.422578025914267,1.013897826528711,4.666258565815261,Robustly equivalent,1,719,7.319982519072565,5.788076784426821,9.598732947595154,2.8593801987538505,-15.11250038435685,20.83126078186455,-16.275325576256858,-13.94967519245684,19.668435589964542,21.99408597376456,-3.449860460624013,1.2748350577297973,8.877127083387279,19.672915930258043,-10.35514452657105
B1_mean_only,lbgi,1.0,0.49803594075447777,0.36440741240256536,0.6316644691063902,0.054510433633249505,0.7778011971876617,Robustly equivalent,1,719,1.110887943153335,0.7022175305904693,2.2303852702552476,0.49803594075447777,-3.766106849259079,4.762178730768034,-4.042007450487551,-3.490206248030606,4.486278129539562,5.0380793319965065,0.21435069087703132,0.6046522448575796,1.1952582103154166,2.202225697188561,-0.8180963151514452
B1_mean_only,hbgi,2.0,1.2168168866766953,1.11438096315209,1.3192528102013006,0.8954131379443124,1.4749408619825781,Robustly equivalent,1,719,1.6709842749788857,1.5497744635193262,2.063525405997728,1.2168168866766953,-2.051956706230829,4.48559047958422,-2.2634544547759883,-1.8404589576856698,4.27409273103906,4.697088228129379,0.47265182543676176,1.42895015238585,2.2255030463697234,3.330394516412101,-1.404149437495603
B2_mean_cv,mean_glucose_mgdl,10.0,0.5219433378402679,0.0852349374464661,0.9586517382340698,-0.5314916876519215,1.6614783088548457,Robustly equivalent,1,719,4.846902485172637,3.6188273561954247,7.124173662114166,0.5219433378402679,-13.413606202700139,14.457492878380675,-14.315270777744082,-12.511941627656196,13.555828303336732,15.359157453424618,-3.3177698268797258,0.44776637155243293,3.858380801227085,10.419234079881607,-8.997767608078387
B2_mean_cv,cv_percent,5.0,0.5068927000868247,0.33574565423405867,0.6780397459395908,-0.002025019724168312,1.0151815378991325,Robustly equivalent,1,719,2.1398832022236984,1.7535958061637444,2.8302391235025057,0.5068927000868247,-4.954481832776897,5.968267232950546,-5.307846293432347,-4.601117372121446,5.614902772295095,6.321631693605997,-1.3281399121415163,0.3455466368600071,2.236613803787005,4.782037492329636,-3.529227191301172
B2_mean_cv,gmi_percent,0.5,0.012484884641139312,0.0020388197037195695,0.022930949578559054,-0.012713281168633761,0.039742561147807935,Robustly equivalent,1,719,0.1159379074453295,0.08656235036019488,0.1704102339977709,0.012484884641139312,-0.3208534603685873,0.345823229650866,-0.3424212770036384,-0.2992856437335362,0.3242554130158149,0.36739104628591707,-0.07936105425896223,0.010710571607534192,0.09229246876535235,0.24922807919076836,-0.21522660118523476
B2_mean_cv,tbr_percent,3.0,1.3962502263907532,1.1374367716348996,1.6550636811466068,0.1481875130564762,2.5173859120138333,Robustly equivalent,1,719,3.176807159062002,2.3030510795514894,4.436221943119976,1.3962502263907532,-6.862596448544425,9.655096901325932,-7.3969642864144,-6.328228610674449,9.120729063455956,10.189464739195907,0.0,1.1706116008270757,3.5355392156862746,7.9287167155732625,-6.277963615961249
B2_mean_cv,tar_percent,5.0,1.6577627259263639,1.2867285620119402,2.0287968898407875,-0.04825201460580426,3.221943115917832,Robustly equivalent,1,719,5.052912622477459,4.288029100529101,6.260032371077878,1.6577627259263639,-10.182094185000663,13.497619636853392,-10.948162255665217,-9.416026114336109,12.731551566188838,14.263687707517946,-2.109741852784488,1.9545454545454533,5.725224944135409,10.96226133645489,-9.01922913741971
B2_mean_cv,lbgi,1.0,0.20380913127677386,0.1444997473956769,0.2631185151578708,-0.062185931749176436,0.4415586671007382,Robustly equivalent,1,719,0.6655130191970992,0.45097977120065,0.9862231257826279,0.20380913127677386,-1.688778363144335,2.0963966256978828,-1.811233462164744,-1.566323264123926,1.9739415266774738,2.2188517247182915,-0.026259153899367754,0.24110043859097385,0.663962315068752,1.506087050447778,-1.3518044306007766
B2_mean_cv,hbgi,2.0,0.21441709375652013,0.12915038225124542,0.29968380526179483,-0.0026418974055883128,0.4517065860657434,Robustly equivalent,1,719,0.8675800806152765,0.5900455575187298,1.4037196087396324,0.21441709375652013,-2.506479690617741,2.935313878130781,-2.6825284525043216,-2.33043092873116,2.7592651162442,3.1113626400173615,-0.4120677751085351,0.1601450835942173,0.7460282718533899,2.0211913722109855,-1.5286372794154968
B3_mean_tir,mean_glucose_mgdl,10.0,-0.7543111934482291,-1.1254413225959254,-0.3831810643005328,-1.5659666356476027,0.12363460346954411,Robustly equivalent,1,719,4.101862728617051,3.025318989667113,6.0850362059691685,-0.7543111934482291,-12.59723039550873,11.08860800861227,-13.363496603995225,-11.830964187022234,10.322341800125775,11.854874217098766,-3.577379293690157,-0.7009025618202998,2.2722999048259567,7.337651285607847,-9.975471768583123
B3_mean_tir,tir_percent,5.0,-0.5103759564895777,-0.65274938883393,-0.3680025241452254,-0.8837489438841236,-0.22218879992864957,Robustly equivalent,1,719,1.4443902651332023,1.0050042944032498,2.3719057808794957,-0.5103759564895777,-5.053572327116706,4.03282041413755,-5.347528386254926,-4.759616267978486,3.73886435499933,4.32677647327577,-1.2774935445659494,-0.2620105069865559,0.6830787245391292,2.1239758823991792,-3.5397611625710965
B3_mean_tir,gmi_percent,0.5,-0.01804312374728161,-0.02692055643649451,-0.00916569105806871,-0.03745792192469046,0.0029573397149913684,Robustly equivalent,1,719,0.09811655646851986,0.07236563023283615,0.1455540660467826,-0.01804312374728161,-0.30132575106056897,0.26523950356600573,-0.31965483876756595,-0.282996663353572,0.24691041585900875,0.2835685912730027,-0.08557091270506767,-0.01676558927874261,0.05435341372343716,0.17551661875173985,-0.23861328470450882
B3_mean_tir,tbr_percent,3.0,2.581049072524787,2.3649609329667793,2.797137212082795,1.9452311048317423,3.1891146898064884,Not robust,0,719,3.1555123378840912,2.249599451779785,4.3613740986929574,2.581049072524787,-4.314414745479136,9.47651289052871,-4.76056833526791,-3.868261155690363,9.030359300739937,9.922666480317483,0.2698414317691197,1.9832175925925926,4.522046462164721,8.830603812517651,-1.78423456883479
B3_mean_tir,tar_percent,5.0,-2.0706731160352083,-2.3152327328409688,-1.8261134992294477,-2.770159850157057,-1.2960087436180765,Robustly equivalent,1,719,3.3591746479522406,2.3697953526775066,4.48542520633312,-2.0706731160352083,-9.874673800562974,5.733327568492557,-10.379611976153894,-9.369735624972053,5.2283893929016365,6.238265744083478,-4.369904554828679,-1.8203249924370084,0.07873152070546041,3.2469034561640693,-8.229858740617253
B3_mean_tir,lbgi,1.0,0.49294558375789865,0.43928470726841884,0.5466064602473785,0.36226487682599806,0.6185088098139796,Robustly equivalent,1,719,0.6916211332139767,0.5068607795896276,1.0025900186884817,0.49294558375789865,-1.2193956536298929,2.20528682114569,-1.3301883733319684,-1.1086029339278174,2.0944941014436145,2.316079540847766,0.10583570768395664,0.4272151633154571,0.8781105119789961,1.779060595937175,-0.44711188685190234
B3_mean_tir,hbgi,2.0,0.8621337901053859,0.770579353217315,0.9536882269934569,0.6318671013864005,1.1009242653741718,Robustly equivalent,1,719,1.228610653272081,0.9405808335089052,1.7210517872361812,0.8621337901053859,-2.059406967433248,3.78367454764402,-2.2484378913990546,-1.8703760434674408,3.594643623678213,3.9727054716098267,0.0565593511018081,0.7159568450636185,1.5574016912971045,3.2360013300548442,-1.3237343407819304
B4_3D_proposed,mean_glucose_mgdl,10.0,-2.0978621126237784,-2.7425727114708867,-1.4531515137766702,-4.489918846757859,0.33011682506680295,Robustly equivalent,1,719,8.278544280720133,6.7378758615510606,10.696853345260442,-2.0978621126237784,-22.67084967467588,18.47512544942832,-24.001972931319454,-21.339726418032303,17.144002192784743,19.806248706071894,-9.324096258070995,-2.2597511100457552,4.40448965119478,14.983348019693125,-16.987772429272393
B4_3D_proposed,cv_percent,5.0,1.0130315196484494,0.81107682462999,1.2149862146669088,0.4487279957323907,1.539116497622894,Robustly equivalent,1,719,2.679362372393898,2.251202996168594,3.438324088187369,1.0130315196484494,-5.431428112537767,7.457491151834666,-5.848400614320979,-5.014455610754555,7.040518650051454,7.874463653617878,-1.1702660875307558,0.953465037164289,3.16066398530765,5.907838412427014,-4.296776313028532
B4_3D_proposed,tir_percent,5.0,-1.5138980808392397,-1.728753443704247,-1.2990427179742323,-2.1940040512150096,-0.8808183362128036,Robustly equivalent,1,719,2.840884252943511,2.1614191888415064,3.809335258700458,-1.5138980808392397,-8.37002347379285,5.34222731211437,-8.813631770035595,-7.926415177550105,4.898619015871625,5.785835608357115,-3.607820727177778,-1.2156267964194782,0.69466475054071,3.4322603378454404,-7.01899594554014
B4_3D_proposed,gmi_percent,0.5,-0.05018086173396067,-0.0656023392583835,-0.03475938420953783,-0.10739885881444784,0.007896394455598265,Robustly equivalent,1,719,0.1980227791948256,0.16116999060830128,0.2558687320186299,-0.05018086173396067,-0.5422867242182471,0.4419250007503257,-0.5741271925171614,-0.5104462559193328,0.4100845324514114,0.47376546904924,-0.22303238249305846,-0.05405324655229471,0.10535539245657821,0.3584016846310605,-0.4063475165081945
B4_3D_proposed,tbr_percent,3.0,1.4219482122765,1.205869516680635,1.6380269078723648,0.602282847959021,2.1799407274505085,Robustly equivalent,1,719,2.765536274751484,2.0887759842689833,3.7921795985882674,1.4219482122765,-5.473214244905905,8.317110669458906,-5.919348335903024,-5.027080153908786,7.870976578461787,8.763244760456026,0.0,1.2395577178552248,3.311200734449991,6.839285706357549,-4.7482724305780595
B4_3D_proposed,tar_percent,5.0,0.09194986856274137,-0.13566760813576567,0.3195673452612484,-0.4818003447740425,0.8119092856238315,Robustly equivalent,1,719,2.7029153990878854,2.0849056603773555,3.704364355616943,0.09194986856274137,-7.171419968070853,7.355319705196336,-7.641377988605525,-6.701461947536181,6.885361684661664,7.8252777257310075,-2.1073410526227088,-0.1436922382044301,2.0331499274146125,5.660332491582497,-5.654585835835834
B4_3D_proposed,lbgi,1.0,0.2211923234481634,0.16751836557096153,0.2748662813253653,0.020111642887142293,0.40112534382640846,Robustly equivalent,1,719,0.6122920626836851,0.43801253768349235,0.9008268971268416,0.2211923234481634,-1.491566346547967,1.9339509934442938,-1.602386075173825,-1.3807466179221088,1.8231312648184357,2.044770722070152,-0.02477139190358013,0.2698668597737535,0.665530795149232,1.3097225153898984,-1.1273477121028375
B4_3D_proposed,hbgi,2.0,-0.22814174779206717,-0.3386896508911761,-0.11759384469295826,-0.6483473035386693,0.1793421036390292,Robustly equivalent,1,719,1.2492638765142028,0.8994880311342666,1.8129711292429083,-0.22814174779206717,-3.7557720357629547,3.29948854017882,-3.984018453693027,-3.5275256178328824,3.071242122248748,3.5277349581088924,-1.3016330459810437,-0.12365813735313791,0.6360253759673273,2.254481670055725,-2.8020358430194006
B5_adult_3D,mean_glucose_mgdl,10.0,16.564786466811075,15.0224267670542,18.10714616656795,5.039571662316962,35.68524616560277,Not equivalent,0,719,19.934078236624273,10.305034706201639,30.067791544654373,16.564786466811075,-32.65256310996159,65.78213604358373,-35.837047543950334,-29.468078675972848,62.59765160959499,68.96662047757248,0.1564880970059761,8.248927912813826,26.739797905553203,70.33079437117539,-10.980761857439594
B5_adult_3D,cv_percent,5.0,9.337806856506434,8.949054531642112,9.726559181370757,7.260728116602669,11.295869810446243,Not equivalent,0,719,9.424774718509532,8.699945039822474,11.27820096172253,9.337806856506434,-3.067444055227371,21.74305776824024,-3.870094518282464,-2.2647935921722784,20.940407305185147,22.545708231295336,4.532011588306604,8.699945039822474,13.33308739512669,20.503400840188856,0.5667155776449452
B5_adult_3D,tir_percent,5.0,-1.3002686830130412,-1.671147284041325,-0.9293900819847575,-2.9506510008233815,-0.2847218228988525,Robustly equivalent,1,719,4.718571817942303,3.830575256107167,6.172517877745524,-1.3002686830130412,-13.135161516527043,10.534624150500962,-13.90090839908645,-12.369414633967637,9.768877267941555,11.300371033060369,-4.994867255209481,-0.85894660894661,2.5529430443693855,7.671480210864158,-11.342510778295416
B5_adult_3D,gmi_percent,0.5,0.39622969228612104,0.3593364482679366,0.4331229363043055,0.12054655416262196,0.8535910882812185,Not robust,0,719,0.4768231514200527,0.24649643017234268,0.7192215737481327,0.39622969228612104,-0.7810493095902811,1.5735086941625231,-0.8572221772512918,-0.7048764419292703,1.4973358265015124,1.6496815618235339,0.003743195280383027,0.19731435567450717,0.6396159659008331,1.6823126013585163,-0.2626598236299548
B5_adult_3D,tbr_percent,3.0,-3.124653935768626,-3.7888841330418526,-2.4604237384953995,-11.860322057000182,2.001440761908567,Not equivalent,0,719,6.954726597671042,3.2507739938080498,11.24936035836069,-3.124653935768626,-24.320520129496533,18.071212257959278,-25.69194517654314,-22.949095082449926,16.69978721091267,19.442637305005885,-5.546216146943586,0.7064807810836554,3.1102912924076014,7.535991910217284,-26.963544653556728
B5_adult_3D,tar_percent,5.0,4.424922618781667,3.650698052536346,5.199147185026988,-1.4073953029041277,14.109377116158026,Not equivalent,0,719,9.373104663394399,6.012635351298143,13.350857903389604,4.424922618781667,-20.280910355088032,29.13075559265137,-21.879438947353865,-18.6823817628222,27.532227000385536,30.7292841849172,-4.513255853163555,0.10573476702509055,10.32321933040498,31.458023549617398,-9.978243036855398
B5_adult_3D,lbgi,1.0,-1.0253727512355564,-1.2101132604084108,-0.8406322420627019,-3.503490745544083,0.3940749470116518,Not equivalent,0,719,1.8106221388584336,0.6760961224346008,3.175726298842113,-1.0253727512355564,-6.920520441093259,4.869774938622146,-7.3019510995063674,-6.53908978268015,4.488344280209037,5.251205597035255,-1.222638564799954,0.16860114705967066,0.6487363458813156,1.4676534209695682,-7.762180384917037
B5_adult_3D,hbgi,2.0,2.8589284878860726,2.6653347252716553,3.05252225050049,1.708563662155463,4.680390200685166,Not equivalent,0,719,3.035436473427406,2.3350464692713837,4.25369475440865,2.8589284878860726,-3.318730259278073,9.036587235050218,-3.718440082907479,-2.9190204356486675,8.636877411420812,9.436297058679624,0.8107837543390732,2.3350006548893454,3.99603764432098,8.038720764370819,-0.6849355269204096
